Model,Accuracy,Precision,Recall,F1-Score,ROC-AUC,5-Fold CV F1
Logistic Regression,0.8375,0.8278688524590164,0.8487394957983193,0.8381742738589212,0.9149940968122787,0.8347979196547908
Support Vector Machine,0.8291666666666667,0.8095238095238095,0.8571428571428571,0.8326530612244898,0.9038127647753317,0.8311707856236963
Random Forest,0.8208333333333333,0.8114754098360656,0.8319327731092437,0.8215767634854771,0.9097159524967011,0.8292421286015635
Naive Bayes,0.8208333333333333,0.8114754098360656,0.8319327731092437,0.8215767634854771,0.9113827349121467,0.816632114573291
Gradient Boosting,0.8166666666666667,0.8,0.8403361344537815,0.819672131147541,0.9027015764983679,0.8158862354731198
K-Nearest Neighbors,0.8,0.7983193277310925,0.7983193277310925,0.7983193277310925,0.8746093478713799,0.8025684774164926
Decision Tree,0.8,0.8317757009345794,0.7478991596638656,0.7876106194690266,0.8236683102993264,0.7697932806530038
MLP Neural Net,0.7833333333333333,0.7768595041322314,0.7899159663865546,0.7833333333333333,0.8698520730606293,0.7857390773790849
XGBoost,0.7791666666666667,0.775,0.7815126050420168,0.7782426778242678,0.8783943329397874,0.8107873160292515
